{"access": "eyJhbGciOiJIUzI1NiIsInR5cCI6IkpXVCJ9.eyJ0b2tlbl90eXBlIjoiYWNjZXNzIiwiZXhwIjoxNzY5NDM2NDgyLCJpYXQiOjE3Njk0MjkwODYsImp0aSI6ImUyNzc5ZmM5NGJhZjQzOGI4ZmM5NTFhZWNmMjE3NjdiIiwidXNlcl9pZCI6MX0.qD7NWYT11E6mT0Ot0l403YqevqmhK41Su4X7S1gnm_c", "refresh": "eyJhbGciOiJIUzI1NiIsInR5cCI6IkpXVCJ9.eyJ0b2tlbl90eXBlIjoicmVmcmVzaCIsImV4cCI6MTc3MDAzMzg4NiwiaWF0IjoxNzY5NDI5MDg2LCJqdGkiOiJkNjFmNWNkNjM2Y2Q0N2UwOTE4MDc1NWRjNWE3ZTk4MiIsInVzZXJfaWQiOjF9.-Y3-afD0bLRbE8OS5ms4X-6vtnHwtQ5Xe0wE4dPvUk4", "access_granted": true, "error_code": null, "user": {"id": 1, "username": "olee", "email": "olee@gmail.com", "is_superuser": true}, "employee": null, "company": null, "subscription": null}